Year,Age,Sex,Country,Region,Police Force Area,Unit measure,Unit multiplier,Observation status,GeoCode,Value
2008/09,,,,,,"Rate per 100,000 population",Units,Undefined,,1.16152278007
2008/09,,Male,,,,"Rate per 100,000 population",Units,Undefined,,1.638540250128185
2008/09,,Female,,,,"Rate per 100,000 population",Units,Undefined,,0.7018146922757414
2008/09,Under 1,Male,,,,"Rate per 100,000 population",Units,Undefined,,2.77700638711469
2008/09,Under 1,Female,,,,"Rate per 100,000 population",Units,Undefined,,1.747742499271774
2008/09,Under 1,,,,,"Rate per 100,000 population",Units,Undefined,,2.274665908444697
2008/09,1 to 4,Male,,,,"Rate per 100,000 population",Units,Undefined,,0.4494382022471909
2008/09,1 to 4,Female,,,,"Rate per 100,000 population",Units,Undefined,,0.6280913872968517
2008/09,1 to 4,,,,,"Rate per 100,000 population",Units,Undefined,,0.5366657722237129
2008/09,5 to 15,Male,,,,"Rate per 100,000 population",Units,Undefined,,0.2476405360041824
2008/09,5 to 15,Female,,,,"Rate per 100,000 population",Units,Undefined,,0.173135189727312
2008/09,5 to 15,,,,,"Rate per 100,000 population",Units,Undefined,,0.2112735570016057
2008/09,16 to 24,Male,,,,"Rate per 100,000 population",Units,Undefined,,3.164749558760879
2008/09,16 to 24,Female,,,,"Rate per 100,000 population",Units,Undefined,,0.8347503478126448
2008/09,16 to 24,,,,,"Rate per 100,000 population",Units,Undefined,,2.0089867652245923
2008/09,25 to 34,Male,,,,"Rate per 100,000 population",Units,Undefined,,2.622425881963231
2008/09,25 to 34,Female,,,,"Rate per 100,000 population",Units,Undefined,,0.8
2008/09,25 to 34,,,,,"Rate per 100,000 population",Units,Undefined,,1.7109111981897456
2008/09,35 to 44,Male,,,,"Rate per 100,000 population",Units,Undefined,,2.143332265773201
2008/09,35 to 44,Female,,,,"Rate per 100,000 population",Units,Undefined,,0.8753373696112041
2008/09,35 to 44,,,,,"Rate per 100,000 population",Units,Undefined,,1.5051763381384762
2008/09,45 to 54,Male,,,,"Rate per 100,000 population",Units,Undefined,,2.0645017297176653
2008/09,45 to 54,Female,,,,"Rate per 100,000 population",Units,Undefined,,0.7964626074537913
2008/09,45 to 54,,,,,"Rate per 100,000 population",Units,Undefined,,1.4255068853366548
2008/09,55 to 64,Male,,,,"Rate per 100,000 population",Units,Undefined,,1.034677368784097
2008/09,55 to 64,Female,,,,"Rate per 100,000 population",Units,Undefined,,0.3651411879259981
2008/09,55 to 64,,,,,"Rate per 100,000 population",Units,Undefined,,0.6948948392476606
2008/09,65 to 74,Male,,,,"Rate per 100,000 population",Units,Undefined,,0.7345851889261283
2008/09,65 to 74,Female,,,,"Rate per 100,000 population",Units,Undefined,,0.7144358058415634
2008/09,65 to 74,,,,,"Rate per 100,000 population",Units,Undefined,,0.7240652975250131
2008/09,75 and over,Male,,,,"Rate per 100,000 population",Units,Undefined,,0.4204204204204204
2008/09,75 and over,Female,,,,"Rate per 100,000 population",Units,Undefined,,1.013289683931564
2008/09,75 and over,,,,,"Rate per 100,000 population",Units,Undefined,,0.7799758916542577
2009/10,,,,,,"Rate per 100,000 population",Units,Undefined,,1.077209682938266
2009/10,,Male,,,,"Rate per 100,000 population",Units,Undefined,,1.482202508683052
2009/10,,Female,,,,"Rate per 100,000 population",Units,Undefined,,0.6865029256407065
2009/10,Under 1,Male,,,,"Rate per 100,000 population",Units,Undefined,,2.520302436292355
2009/10,Under 1,Female,,,,"Rate per 100,000 population",Units,Undefined,,3.2286469034341065
2009/10,Under 1,,,,,"Rate per 100,000 population",Units,Undefined,,2.866150759529951
2009/10,1 to 4,Male,,,,"Rate per 100,000 population",Units,Undefined,,0.4366812227074235
2009/10,1 to 4,Female,,,,"Rate per 100,000 population",Units,Undefined,,0.761788679820218
2009/10,1 to 4,,,,,"Rate per 100,000 population",Units,Undefined,,0.5955261100978896
2009/10,5 to 15,Male,,,,"Rate per 100,000 population",Units,Undefined,,0.1930981214311329
2009/10,5 to 15,Female,,,,"Rate per 100,000 population",Units,Undefined,,0.0869212493480906
2009/10,5 to 15,,,,,"Rate per 100,000 population",Units,Undefined,,0.1413127958736663
2009/10,16 to 24,Male,,,,"Rate per 100,000 population",Units,Undefined,,2.7662096847736874
2009/10,16 to 24,Female,,,,"Rate per 100,000 population",Units,Undefined,,0.6158014656074882
2009/10,16 to 24,,,,,"Rate per 100,000 population",Units,Undefined,,1.6978967495219883
2009/10,25 to 34,Male,,,,"Rate per 100,000 population",Units,Undefined,,2.3776338443879643
2009/10,25 to 34,Female,,,,"Rate per 100,000 population",Units,Undefined,,0.8749863283386198
2009/10,25 to 34,,,,,"Rate per 100,000 population",Units,Undefined,,1.6265052007162093
2009/10,35 to 44,Male,,,,"Rate per 100,000 population",Units,Undefined,,1.8962075848303392
2009/10,35 to 44,Female,,,,"Rate per 100,000 population",Units,Undefined,,1.1564391516165542
2009/10,35 to 44,,,,,"Rate per 100,000 population",Units,Undefined,,1.5237481727410125
2009/10,45 to 54,Male,,,,"Rate per 100,000 population",Units,Undefined,,1.661944202266783
2009/10,45 to 54,Female,,,,"Rate per 100,000 population",Units,Undefined,,0.5633500549936958
2009/10,45 to 54,,,,,"Rate per 100,000 population",Units,Undefined,,1.1083926954217975
2009/10,55 to 64,Male,,,,"Rate per 100,000 population",Units,Undefined,,1.2493362900958866
2009/10,55 to 64,Female,,,,"Rate per 100,000 population",Units,Undefined,,0.4847456600115126
2009/10,55 to 64,,,,,"Rate per 100,000 population",Units,Undefined,,0.8612204724409448
2009/10,65 to 74,Male,,,,"Rate per 100,000 population",Units,Undefined,,0.5354513408593994
2009/10,65 to 74,Female,,,,"Rate per 100,000 population",Units,Undefined,,0.41023957991467
2009/10,65 to 74,,,,,"Rate per 100,000 population",Units,Undefined,,0.4702160856648213
2009/10,75 and over,Male,,,,"Rate per 100,000 population",Units,Undefined,,0.766690257136117
2009/10,75 and over,Female,,,,"Rate per 100,000 population",Units,Undefined,,0.8937244997085682
2009/10,75 and over,,,,,"Rate per 100,000 population",Units,Undefined,,0.8432690731067437
2010/11,,,,,,"Rate per 100,000 population",Units,Undefined,,1.134806786575523
2010/11,,Male,,,,"Rate per 100,000 population",Units,Undefined,,1.5782147906490775
2010/11,,Female,,,,"Rate per 100,000 population",Units,Undefined,,0.7062246641901722
2010/11,Under 1,Male,,,,"Rate per 100,000 population",Units,Undefined,,2.760143527463428
2010/11,Under 1,Female,,,,"Rate per 100,000 population",Units,Undefined,,2.027809965237544
2010/11,Under 1,,,,,"Rate per 100,000 population",Units,Undefined,,2.402826855123675
2010/11,1 to 4,Male,,,,"Rate per 100,000 population",Units,Undefined,,0.6397952655150353
2010/11,1 to 4,Female,,,,"Rate per 100,000 population",Units,Undefined,,0.521687285735579
2010/11,1 to 4,,,,,"Rate per 100,000 population",Units,Undefined,,0.5821357103874841
2010/11,5 to 15,Male,,,,"Rate per 100,000 population",Units,Undefined,,0.4149262814306659
2010/11,5 to 15,Female,,,,"Rate per 100,000 population",Units,Undefined,,0.2322475759159263
2010/11,5 to 15,,,,,"Rate per 100,000 population",Units,Undefined,,0.3257928807173109
2010/11,16 to 24,Male,,,,"Rate per 100,000 population",Units,Undefined,,2.488755622188905
2010/11,16 to 24,Female,,,,"Rate per 100,000 population",Units,Undefined,,0.67538527660097
2010/11,16 to 24,,,,,"Rate per 100,000 population",Units,Undefined,,1.5927431587889085
2010/11,25 to 34,Male,,,,"Rate per 100,000 population",Units,Undefined,,2.268431001890359
2010/11,25 to 34,Female,,,,"Rate per 100,000 population",Units,Undefined,,1.0496003444842157
2010/11,25 to 34,,,,,"Rate per 100,000 population",Units,Undefined,,1.6579724210441185
2010/11,35 to 44,Male,,,,"Rate per 100,000 population",Units,Undefined,,2.233219134627585
2010/11,35 to 44,Female,,,,"Rate per 100,000 population",Units,Undefined,,1.1502012852249144
2010/11,35 to 44,,,,,"Rate per 100,000 population",Units,Undefined,,1.6876999420640315
2010/11,45 to 54,Male,,,,"Rate per 100,000 population",Units,Undefined,,1.8351551902976144
2010/11,45 to 54,Female,,,,"Rate per 100,000 population",Units,Undefined,,0.4973952197701511
2010/11,45 to 54,,,,,"Rate per 100,000 population",Units,Undefined,,1.1609805008047709
2010/11,55 to 64,Male,,,,"Rate per 100,000 population",Units,Undefined,,1.2757086405924267
2010/11,55 to 64,Female,,,,"Rate per 100,000 population",Units,Undefined,,0.5436259853220984
2010/11,55 to 64,,,,,"Rate per 100,000 population",Units,Undefined,,0.9042145593869731
2010/11,65 to 74,Male,,,,"Rate per 100,000 population",Units,Undefined,,0.7396771526780663
2010/11,65 to 74,Female,,,,"Rate per 100,000 population",Units,Undefined,,0.6026032460228186
2010/11,65 to 74,,,,,"Rate per 100,000 population",Units,Undefined,,0.6684073107049608
2010/11,75 and over,Male,,,,"Rate per 100,000 population",Units,Undefined,,0.9205983889528192
2010/11,75 and over,Female,,,,"Rate per 100,000 population",Units,Undefined,,0.732064421669107
2010/11,75 and over,,,,,"Rate per 100,000 population",Units,Undefined,,0.8076798818479716
2011/12,,,,,,"Rate per 100,000 population",Units,Undefined,,0.9364262697833402
2011/12,,Male,,,,"Rate per 100,000 population",Units,Undefined,,1.284486657620986
2011/12,,Female,,,,"Rate per 100,000 population",Units,Undefined,,0.5957909124362593
2011/12,Under 1,Male,,,,"Rate per 100,000 population",Units,Undefined,,1.364256480218281
2011/12,Under 1,Female,,,,"Rate per 100,000 population",Units,Undefined,,2.579535683576956
2011/12,Under 1,,,,,"Rate per 100,000 population",Units,Undefined,,2.096729102599944
2011/12,1 to 4,Male,,,,"Rate per 100,000 population",Units,Undefined,,0.7699307062364387
2011/12,1 to 4,Female,,,,"Rate per 100,000 population",Units,Undefined,,0.5136106831022087
2011/12,1 to 4,,,,,"Rate per 100,000 population",Units,Undefined,,0.6447915174093709
2011/12,5 to 15,Male,,,,"Rate per 100,000 population",Units,Undefined,,0.1930395455297556
2011/12,5 to 15,Female,,,,"Rate per 100,000 population",Units,Undefined,,0.2027516292541636
2011/12,5 to 15,,,,,"Rate per 100,000 population",Units,Undefined,,0.1977764278751748
2011/12,16 to 24,Male,,,,"Rate per 100,000 population",Units,Undefined,,1.925811803744963
2011/12,16 to 24,Female,,,,"Rate per 100,000 population",Units,Undefined,,1.0079413561392792
2011/12,16 to 24,,,,,"Rate per 100,000 population",Units,Undefined,,1.4738615171749985
2011/12,25 to 34,Male,,,,"Rate per 100,000 population",Units,Undefined,,2.1204972566066744
2011/12,25 to 34,Female,,,,"Rate per 100,000 population",Units,Undefined,,0.7682933290944736
2011/12,25 to 34,,,,,"Rate per 100,000 population",Units,Undefined,,1.4442250871172473
2011/12,35 to 44,Male,,,,"Rate per 100,000 population",Units,Undefined,,2.2473651580905147
2011/12,35 to 44,Female,,,,"Rate per 100,000 population",Units,Undefined,,0.6622179206357293
2011/12,35 to 44,,,,,"Rate per 100,000 population",Units,Undefined,,1.4492010157231898
2011/12,45 to 54,Male,,,,"Rate per 100,000 population",Units,Undefined,,1.0175063268021602
2011/12,45 to 54,Female,,,,"Rate per 100,000 population",Units,Undefined,,0.6402376562179882
2011/12,45 to 54,,,,,"Rate per 100,000 population",Units,Undefined,,0.8271191697791334
2011/12,55 to 64,Male,,,,"Rate per 100,000 population",Units,Undefined,,1.0218932895673984
2011/12,55 to 64,Female,,,,"Rate per 100,000 population",Units,Undefined,,0.2704245665695141
2011/12,55 to 64,,,,,"Rate per 100,000 population",Units,Undefined,,0.640497758257846
2011/12,65 to 74,Male,,,,"Rate per 100,000 population",Units,Undefined,,0.552509668919206
2011/12,65 to 74,Female,,,,"Rate per 100,000 population",Units,Undefined,,0.3147004445143778
2011/12,65 to 74,,,,,"Rate per 100,000 population",Units,Undefined,,0.4290091930541369
2011/12,75 and over,Male,,,,"Rate per 100,000 population",Units,Undefined,,0.841798080700376
2011/12,75 and over,Female,,,,"Rate per 100,000 population",Units,Undefined,,0.6490035886080782
2011/12,75 and over,,,,,"Rate per 100,000 population",Units,Undefined,,0.7270579147070183
2012/13,,,,,,"Rate per 100,000 population",Units,Undefined,,0.9616744449158536
2012/13,,Male,,,,"Rate per 100,000 population",Units,Undefined,,1.346813439402374
2012/13,,Female,,,,"Rate per 100,000 population",Units,Undefined,,0.5883479259865272
2012/13,Under 1,Male,,,,"Rate per 100,000 population",Units,Undefined,,2.6673779674579885
2012/13,Under 1,Female,,,,"Rate per 100,000 population",Units,Undefined,,3.360403248389807
2012/13,Under 1,,,,,"Rate per 100,000 population",Units,Undefined,,3.005464480874317
2012/13,1 to 4,Male,,,,"Rate per 100,000 population",Units,Undefined,,0.9627286480539128
2012/13,1 to 4,Female,,,,"Rate per 100,000 population",Units,Undefined,,0.5767428447840819
2012/13,1 to 4,,,,,"Rate per 100,000 population",Units,Undefined,,0.7742934572202864
2012/13,5 to 15,Male,,,,"Rate per 100,000 population",Units,Undefined,,0.3843830651803854
2012/13,5 to 15,Female,,,,"Rate per 100,000 population",Units,Undefined,,0.2592613930978856
2012/13,5 to 15,,,,,"Rate per 100,000 population",Units,Undefined,,0.3233243364822312
2012/13,16 to 24,Male,,,,"Rate per 100,000 population",Units,Undefined,,2.011536754917912
2012/13,16 to 24,Female,,,,"Rate per 100,000 population",Units,Undefined,,0.5834484876401044
2012/13,16 to 24,,,,,"Rate per 100,000 population",Units,Undefined,,1.310833207774597
2012/13,25 to 34,Male,,,,"Rate per 100,000 population",Units,Undefined,,1.8128316956544583
2012/13,25 to 34,Female,,,,"Rate per 100,000 population",Units,Undefined,,0.7321409894362515
2012/13,25 to 34,,,,,"Rate per 100,000 population",Units,Undefined,,1.271197546719786
2012/13,35 to 44,Male,,,,"Rate per 100,000 population",Units,Undefined,,2.001896533558108
2012/13,35 to 44,Female,,,,"Rate per 100,000 population",Units,Undefined,,0.6231500233681259
2012/13,35 to 44,,,,,"Rate per 100,000 population",Units,Undefined,,1.3075655744135568
2012/13,45 to 54,Male,,,,"Rate per 100,000 population",Units,Undefined,,1.6933063088488085
2012/13,45 to 54,Female,,,,"Rate per 100,000 population",Units,Undefined,,0.5534451963472617
2012/13,45 to 54,,,,,"Rate per 100,000 population",Units,Undefined,,1.1177725840869832
2012/13,55 to 64,Male,,,,"Rate per 100,000 population",Units,Undefined,,0.8190266183650969
2012/13,55 to 64,Female,,,,"Rate per 100,000 population",Units,Undefined,,0.5189413596263622
2012/13,55 to 64,,,,,"Rate per 100,000 population",Units,Undefined,,0.6666253255612056
2012/13,65 to 74,Male,,,,"Rate per 100,000 population",Units,Undefined,,0.8449004224502114
2012/13,65 to 74,Female,,,,"Rate per 100,000 population",Units,Undefined,,0.373524577917227
2012/13,65 to 74,,,,,"Rate per 100,000 population",Units,Undefined,,0.6004609990896237
2012/13,75 and over,Male,,,,"Rate per 100,000 population",Units,Undefined,,0.6006333952167741
2012/13,75 and over,Female,,,,"Rate per 100,000 population",Units,Undefined,,0.755172934602024
2012/13,75 and over,,,,,"Rate per 100,000 population",Units,Undefined,,0.6919951783561767
2013/14,,,,,,"Rate per 100,000 population",Units,Undefined,,0.9095980842529802
2013/14,,Male,,,,"Rate per 100,000 population",Units,Undefined,,1.1978952979614816
2013/14,,Female,,,,"Rate per 100,000 population",Units,Undefined,,0.6297788579984667
2013/14,Under 1,Male,,,,"Rate per 100,000 population",Units,Undefined,,2.192033055858482
2013/14,Under 1,Female,,,,"Rate per 100,000 population",Units,Undefined,,2.3123459038237533
2013/14,Under 1,,,,,"Rate per 100,000 population",Units,Undefined,,2.250582689924564
2013/14,1 to 4,Male,,,,"Rate per 100,000 population",Units,Undefined,,0.4066272102730298
2013/14,1 to 4,Female,,,,"Rate per 100,000 population",Units,Undefined,,0.7821237789092502
2013/14,1 to 4,,,,,"Rate per 100,000 population",Units,Undefined,,0.5898722406123568
2013/14,5 to 15,Male,,,,"Rate per 100,000 population",Units,Undefined,,0.1633970463805239
2013/14,5 to 15,Female,,,,"Rate per 100,000 population",Units,Undefined,,0.1428792279035131
2013/14,5 to 15,,,,,"Rate per 100,000 population",Units,Undefined,,0.1533850119974968
2013/14,16 to 24,Male,,,,"Rate per 100,000 population",Units,Undefined,,2.107729936266403
2013/14,16 to 24,Female,,,,"Rate per 100,000 population",Units,Undefined,,0.7424267827987139
2013/14,16 to 24,,,,,"Rate per 100,000 population",Units,Undefined,,1.4391333690339398
2013/14,25 to 34,Male,,,,"Rate per 100,000 population",Units,Undefined,,1.7363437214199766
2013/14,25 to 34,Female,,,,"Rate per 100,000 population",Units,Undefined,,0.7218336637440996
2013/14,25 to 34,,,,,"Rate per 100,000 population",Units,Undefined,,1.2277561283447145
2013/14,35 to 44,Male,,,,"Rate per 100,000 population",Units,Undefined,,1.8171750837503928
2013/14,35 to 44,Female,,,,"Rate per 100,000 population",Units,Undefined,,0.6070164770663896
2013/14,35 to 44,,,,,"Rate per 100,000 population",Units,Undefined,,1.2083234631453377
2013/14,45 to 54,Male,,,,"Rate per 100,000 population",Units,Undefined,,1.4200003499286578
2013/14,45 to 54,Female,,,,"Rate per 100,000 population",Units,Undefined,,0.5955100034514766
2013/14,45 to 54,,,,,"Rate per 100,000 population",Units,Undefined,,1.0032832444173558
2013/14,55 to 64,Male,,,,"Rate per 100,000 population",Units,Undefined,,0.9159964888906998
2013/14,55 to 64,Female,,,,"Rate per 100,000 population",Units,Undefined,,0.5507514391441077
2013/14,55 to 64,,,,,"Rate per 100,000 population",Units,Undefined,,0.7304700668131441
2013/14,65 to 74,Male,,,,"Rate per 100,000 population",Units,Undefined,,0.4653731361805896
2013/14,65 to 74,Female,,,,"Rate per 100,000 population",Units,Undefined,,0.612725221572253
2013/14,65 to 74,,,,,"Rate per 100,000 population",Units,Undefined,,0.5417456089650304
2013/14,75 and over,Male,,,,"Rate per 100,000 population",Units,Undefined,,0.6918014082948053
2013/14,75 and over,Female,,,,"Rate per 100,000 population",Units,Undefined,,0.897669089999181
2013/14,75 and over,,,,,"Rate per 100,000 population",Units,Undefined,,0.8126968730719041
2014/15,,,,,,"Rate per 100,000 population",Units,Undefined,,0.8866259083517269
2014/15,,Male,,,,"Rate per 100,000 population",Units,Undefined,,1.1415641712274156
2014/15,,Female,,,,"Rate per 100,000 population",Units,Undefined,,0.6354300038987923
2014/15,Under 1,Male,,,,"Rate per 100,000 population",Units,Undefined,,4.194114818087259
2014/15,Under 1,Female,,,,"Rate per 100,000 population",Units,Undefined,,2.645743733261996
2014/15,Under 1,,,,,"Rate per 100,000 population",Units,Undefined,,3.582621705241949
2014/15,1 to 4,Male,,,,"Rate per 100,000 population",Units,Undefined,,0.4694284708367562
2014/15,1 to 4,Female,,,,"Rate per 100,000 population",Units,Undefined,,0.4226411691945305
2014/15,1 to 4,,,,,"Rate per 100,000 population",Units,Undefined,,0.4466096998817171
2014/15,5 to 15,Male,,,,"Rate per 100,000 population",Units,Undefined,,0.2424810662700754
2014/15,5 to 15,Female,,,,"Rate per 100,000 population",Units,Undefined,,0.1978443445487523
2014/15,5 to 15,,,,,"Rate per 100,000 population",Units,Undefined,,0.2206968087931126
2014/15,16 to 24,Male,,,,"Rate per 100,000 population",Units,Undefined,,2.0205069570808663
2014/15,16 to 24,Female,,,,"Rate per 100,000 population",Units,Undefined,,0.5909845616169835
2014/15,16 to 24,,,,,"Rate per 100,000 population",Units,Undefined,,1.3220948182089232
2014/15,25 to 34,Male,,,,"Rate per 100,000 population",Units,Undefined,,1.361094874989856
2014/15,25 to 34,Female,,,,"Rate per 100,000 population",Units,Undefined,,0.5632591196772012
2014/15,25 to 34,,,,,"Rate per 100,000 population",Units,Undefined,,0.9615675551208984
2014/15,35 to 44,Male,,,,"Rate per 100,000 population",Units,Undefined,,1.5352662784687523
2014/15,35 to 44,Female,,,,"Rate per 100,000 population",Units,Undefined,,0.8788282290279626
2014/15,35 to 44,,,,,"Rate per 100,000 population",Units,Undefined,,1.2051885778654263
2014/15,45 to 54,Male,,,,"Rate per 100,000 population",Units,Undefined,,1.3040677132144445
2014/15,45 to 54,Female,,,,"Rate per 100,000 population",Units,Undefined,,0.8085066661374624
2014/15,45 to 54,,,,,"Rate per 100,000 population",Units,Undefined,,1.0533983746930582
2014/15,55 to 64,Male,,,,"Rate per 100,000 population",Units,Undefined,,0.8468675310988576
2014/15,55 to 64,Female,,,,"Rate per 100,000 population",Units,Undefined,,0.5770657663630795
2014/15,55 to 64,,,,,"Rate per 100,000 population",Units,Undefined,,0.7097955958417705
2014/15,65 to 74,Male,,,,"Rate per 100,000 population",Units,Undefined,,0.7920018374442629
2014/15,65 to 74,Female,,,,"Rate per 100,000 population",Units,Undefined,,0.3158103060833487
2014/15,65 to 74,,,,,"Rate per 100,000 population",Units,Undefined,,0.5453235686483301
2014/15,75 and over,Male,,,,"Rate per 100,000 population",Units,Undefined,,0.723632760509086
2014/15,75 and over,Female,,,,"Rate per 100,000 population",Units,Undefined,,1.0307566747936925
2014/15,75 and over,,,,,"Rate per 100,000 population",Units,Undefined,,0.9030055896045996
2015/16,,,,,,"Rate per 100,000 population",Units,Undefined,,0.9432428166315407
2015/16,,Male,,,,"Rate per 100,000 population",Units,Undefined,,1.3097601258378306
2015/16,,Female,,,,"Rate per 100,000 population",Units,Undefined,,0.583009547105228
2015/16,Under 1,Male,,,,"Rate per 100,000 population",Units,Undefined,,1.399067102056349
2015/16,Under 1,Female,,,,"Rate per 100,000 population",Units,Undefined,,2.064056519764816
2015/16,Under 1,,,,,"Rate per 100,000 population",Units,Undefined,,1.7228532172130264
2015/16,1 to 4,Male,,,,"Rate per 100,000 population",Units,Undefined,,0.2009262701051849
2015/16,1 to 4,Female,,,,"Rate per 100,000 population",Units,Undefined,,0.2814923032966971
2015/16,1 to 4,,,,,"Rate per 100,000 population",Units,Undefined,,0.2402127873502573
2015/16,5 to 15,Male,,,,"Rate per 100,000 population",Units,Undefined,,0.1860157603181613
2015/16,5 to 15,Female,,,,"Rate per 100,000 population",Units,Undefined,,0.1951666151333866
2015/16,5 to 15,,,,,"Rate per 100,000 population",Units,Undefined,,0.1904813477262854
2015/16,16 to 24,Male,,,,"Rate per 100,000 population",Units,Undefined,,2.084965936124388
2015/16,16 to 24,Female,,,,"Rate per 100,000 population",Units,Undefined,,0.4998289647761156
2015/16,16 to 24,,,,,"Rate per 100,000 population",Units,Undefined,,1.311282641789297
2015/16,25 to 34,Male,,,,"Rate per 100,000 population",Units,Undefined,,1.880419069177314
2015/16,25 to 34,Female,,,,"Rate per 100,000 population",Units,Undefined,,0.6874211852516077
2015/16,25 to 34,,,,,"Rate per 100,000 population",Units,Undefined,,1.284494397569584
2015/16,35 to 44,Male,,,,"Rate per 100,000 population",Units,Undefined,,1.911921287008468
2015/16,35 to 44,Female,,,,"Rate per 100,000 population",Units,Undefined,,0.7990652002577252
2015/16,35 to 44,,,,,"Rate per 100,000 population",Units,Undefined,,1.3524499228634874
2015/16,45 to 54,Male,,,,"Rate per 100,000 population",Units,Undefined,,1.6179352855755345
2015/16,45 to 54,Female,,,,"Rate per 100,000 population",Units,Undefined,,0.9230806602455882
2015/16,45 to 54,,,,,"Rate per 100,000 population",Units,Undefined,,1.2662715899306085
2015/16,55 to 64,Male,,,,"Rate per 100,000 population",Units,Undefined,,1.0523057876818322
2015/16,55 to 64,Female,,,,"Rate per 100,000 population",Units,Undefined,,0.4798838681039188
2015/16,55 to 64,,,,,"Rate per 100,000 population",Units,Undefined,,0.7615983817557586
2015/16,65 to 74,Male,,,,"Rate per 100,000 population",Units,Undefined,,0.8474048594615884
2015/16,65 to 74,Female,,,,"Rate per 100,000 population",Units,Undefined,,0.3084639421074873
2015/16,65 to 74,,,,,"Rate per 100,000 population",Units,Undefined,,0.5681967494884453
2015/16,75 and over,Male,,,,"Rate per 100,000 population",Units,Undefined,,1.1153811054440737
2015/16,75 and over,Female,,,,"Rate per 100,000 population",Units,Undefined,,0.622238131997205
2015/16,75 and over,,,,,"Rate per 100,000 population",Units,Undefined,,0.8289947503376027
2016/17,,,,,,"Rate per 100,000 population",Units,Undefined,,1.1561937806126923
2016/17,,Male,,,,"Rate per 100,000 population",Units,Undefined,,1.7444103785412135
2016/17,,Female,,,,"Rate per 100,000 population",Units,Undefined,,0.5821379958796138
2016/17,Under 1,Male,,,,"Rate per 100,000 population",Units,Undefined,,4.164387821109004
2016/17,Under 1,Female,,,,"Rate per 100,000 population",Units,Undefined,,2.045282555785082
2016/17,Under 1,,,,,"Rate per 100,000 population",Units,Undefined,,3.131904425665672
2016/17,1 to 4,Male,,,,"Rate per 100,000 population",Units,Undefined,,0.5383105527036312
2016/17,1 to 4,Female,,,,"Rate per 100,000 population",Units,Undefined,,0.2829398583037189
2016/17,1 to 4,,,,,"Rate per 100,000 population",Units,Undefined,,0.4138132233325827
2016/17,5 to 15,Male,,,,"Rate per 100,000 population",Units,Undefined,,0.5218215328611893
2016/17,5 to 15,Female,,,,"Rate per 100,000 population",Units,Undefined,,0.2738867598758088
2016/17,5 to 15,,,,,"Rate per 100,000 population",Units,Undefined,,0.400862013674205
2016/17,16 to 24,Male,,,,"Rate per 100,000 population",Units,Undefined,,3.898667045737063
2016/17,16 to 24,Female,,,,"Rate per 100,000 population",Units,Undefined,,0.6639201449495753
2016/17,16 to 24,,,,,"Rate per 100,000 population",Units,Undefined,,2.323969327298606
2016/17,25 to 34,Male,,,,"Rate per 100,000 population",Units,Undefined,,2.654562529347316
2016/17,25 to 34,Female,,,,"Rate per 100,000 population",Units,Undefined,,0.6579323615166252
2016/17,25 to 34,,,,,"Rate per 100,000 population",Units,Undefined,,1.6614433990916688
2016/17,35 to 44,Male,,,,"Rate per 100,000 population",Units,Undefined,,2.185503956976331
2016/17,35 to 44,Female,,,,"Rate per 100,000 population",Units,Undefined,,1.0688739626578192
2016/17,35 to 44,,,,,"Rate per 100,000 population",Units,Undefined,,1.6244892424577049
2016/17,45 to 54,Male,,,,"Rate per 100,000 population",Units,Undefined,,1.607420048781489
2016/17,45 to 54,Female,,,,"Rate per 100,000 population",Units,Undefined,,0.6510652150323724
2016/17,45 to 54,,,,,"Rate per 100,000 population",Units,Undefined,,1.123211819313798
2016/17,55 to 64,Male,,,,"Rate per 100,000 population",Units,Undefined,,1.4562841695842914
2016/17,55 to 64,Female,,,,"Rate per 100,000 population",Units,Undefined,,0.2058941615769139
2016/17,55 to 64,,,,,"Rate per 100,000 population",Units,Undefined,,0.8214024625645828
2016/17,65 to 74,Male,,,,"Rate per 100,000 population",Units,Undefined,,0.6116562247354497
2016/17,65 to 74,Female,,,,"Rate per 100,000 population",Units,Undefined,,0.2343770141774656
2016/17,65 to 74,,,,,"Rate per 100,000 population",Units,Undefined,,0.4162345342855854
2016/17,75 and over,Male,,,,"Rate per 100,000 population",Units,Undefined,,0.6490527075732968
2016/17,75 and over,Female,,,,"Rate per 100,000 population",Units,Undefined,,0.8367960316949231
2016/17,75 and over,,,,,"Rate per 100,000 population",Units,Undefined,,0.7576557961299784
2017/18,,,,,,"Rate per 100,000 population",Units,Undefined,,1.1984081258880073
2017/18,,Male,,,,"Rate per 100,000 population",Units,Undefined,,1.6677432914423094
2017/18,,Female,,,,"Rate per 100,000 population",Units,Undefined,,0.7401590305693081
2017/18,Under 1,Male,,,,"Rate per 100,000 population",Units,Undefined,,2.2754293450745484
2017/18,Under 1,Female,,,,"Rate per 100,000 population",Units,Undefined,,2.691548537591961
2017/18,Under 1,,,,,"Rate per 100,000 population",Units,Undefined,,2.478271391126622
2017/18,1 to 4,Male,,,,"Rate per 100,000 population",Units,Undefined,,0.4757816923282921
2017/18,1 to 4,Female,,,,"Rate per 100,000 population",Units,Undefined,,0.5720786980060912
2017/18,1 to 4,,,,,"Rate per 100,000 population",Units,Undefined,,0.5227078216604546
2017/18,5 to 15,Male,,,,"Rate per 100,000 population",Units,Undefined,,0.3576411826887362
2017/18,5 to 15,Female,,,,"Rate per 100,000 population",Units,Undefined,,0.5097853293977905
2017/18,5 to 15,,,,,"Rate per 100,000 population",Units,Undefined,,0.4318469032062276
2017/18,16 to 24,Male,,,,"Rate per 100,000 population",Units,Undefined,,3.613170888408887
2017/18,16 to 24,Female,,,,"Rate per 100,000 population",Units,Undefined,,0.9304396872952632
2017/18,16 to 24,,,,,"Rate per 100,000 population",Units,Undefined,,2.3087799782600285
2017/18,25 to 34,Male,,,,"Rate per 100,000 population",Units,Undefined,,2.4190672375997866
2017/18,25 to 34,Female,,,,"Rate per 100,000 population",Units,Undefined,,1.0330617556758557
2017/18,25 to 34,,,,,"Rate per 100,000 population",Units,Undefined,,1.7296278354772994
2017/18,35 to 44,Male,,,,"Rate per 100,000 population",Units,Undefined,,2.3796711186347177
2017/18,35 to 44,Female,,,,"Rate per 100,000 population",Units,Undefined,,0.7485802373747933
2017/18,35 to 44,,,,,"Rate per 100,000 population",Units,Undefined,,1.5594743173401175
2017/18,45 to 54,Male,,,,"Rate per 100,000 population",Units,Undefined,,1.6572979858882313
2017/18,45 to 54,Female,,,,"Rate per 100,000 population",Units,Undefined,,0.8680850694431884
2017/18,45 to 54,,,,,"Rate per 100,000 population",Units,Undefined,,1.2576644268029535
2017/18,55 to 64,Male,,,,"Rate per 100,000 population",Units,Undefined,,1.2148788884273007
2017/18,55 to 64,Female,,,,"Rate per 100,000 population",Units,Undefined,,0.4882718536838818
2017/18,55 to 64,,,,,"Rate per 100,000 population",Units,Undefined,,0.8459139947573752
2017/18,65 to 74,Male,,,,"Rate per 100,000 population",Units,Undefined,,0.8867455657401241
2017/18,65 to 74,Female,,,,"Rate per 100,000 population",Units,Undefined,,0.3957124555441788
2017/18,65 to 74,,,,,"Rate per 100,000 population",Units,Undefined,,0.6322837593815103
2017/18,75 and over,Male,,,,"Rate per 100,000 population",Units,Undefined,,0.8798862404856189
2017/18,75 and over,Female,,,,"Rate per 100,000 population",Units,Undefined,,0.7564138491451443
2017/18,75 and over,,,,,"Rate per 100,000 population",Units,Undefined,,0.8087968897404529
2018/19,,,,,,"Rate per 100,000 population",Units,Undefined,,1.135060166393054
2018/19,,Male,,,,"Rate per 100,000 population",Units,Undefined,,1.4684111390999175
2018/19,,Female,,,,"Rate per 100,000 population",Units,Undefined,,0.8060050250567231
2018/19,Under 1,Male,,,,"Rate per 100,000 population",Units,Undefined,,4.36500776971383
2018/19,Under 1,Female,,,,"Rate per 100,000 population",Units,Undefined,,4.292437644678143
2018/19,Under 1,,,,,"Rate per 100,000 population",Units,Undefined,,4.478969001055543
2018/19,1 to 4,Male,,,,"Rate per 100,000 population",Units,Undefined,,0.4112729927307498
2018/19,1 to 4,Female,,,,"Rate per 100,000 population",Units,Undefined,,0.9374450152442982
2018/19,1 to 4,,,,,"Rate per 100,000 population",Units,Undefined,,0.6676897547926947
2018/19,5 to 15,Male,,,,"Rate per 100,000 population",Units,Undefined,,0.3255213223978201
2018/19,5 to 15,Female,,,,"Rate per 100,000 population",Units,Undefined,,0.1578057427087829
2018/19,5 to 15,,,,,"Rate per 100,000 population",Units,Undefined,,0.2437229475545416
2018/19,16 to 24,Male,,,,"Rate per 100,000 population",Units,Undefined,,2.938599793930689
2018/19,16 to 24,Female,,,,"Rate per 100,000 population",Units,Undefined,,0.5510074035947723
2018/19,16 to 24,,,,,"Rate per 100,000 population",Units,Undefined,,1.7789336473492312
2018/19,25 to 34,Male,,,,"Rate per 100,000 population",Units,Undefined,,2.3603762887033386
2018/19,25 to 34,Female,,,,"Rate per 100,000 population",Units,Undefined,,1.0318307193621776
2018/19,25 to 34,,,,,"Rate per 100,000 population",Units,Undefined,,1.7003609016013648
2018/19,35 to 44,Male,,,,"Rate per 100,000 population",Units,Undefined,,1.8885766741894967
2018/19,35 to 44,Female,,,,"Rate per 100,000 population",Units,Undefined,,0.9855205719428686
2018/19,35 to 44,,,,,"Rate per 100,000 population",Units,Undefined,,1.434151791697896
2018/19,45 to 54,Male,,,,"Rate per 100,000 population",Units,Undefined,,1.7663651240908815
2018/19,45 to 54,Female,,,,"Rate per 100,000 population",Units,Undefined,,0.8731561246808737
2018/19,45 to 54,,,,,"Rate per 100,000 population",Units,Undefined,,1.3140882045477769
2018/19,55 to 64,Male,,,,"Rate per 100,000 population",Units,Undefined,,0.8399766312708238
2018/19,55 to 64,Female,,,,"Rate per 100,000 population",Units,Undefined,,0.5326436252510083
2018/19,55 to 64,,,,,"Rate per 100,000 population",Units,Undefined,,0.6838006208339803
2018/19,65 to 74,Male,,,,"Rate per 100,000 population",Units,Undefined,,0.4920242863187727
2018/19,65 to 74,Female,,,,"Rate per 100,000 population",Units,Undefined,,0.7839192040607015
2018/19,65 to 74,,,,,"Rate per 100,000 population",Units,Undefined,,0.6433123952077967
2018/19,75 and over,Male,,,,"Rate per 100,000 population",Units,Undefined,,0.9507637485191852
2018/19,75 and over,Female,,,,"Rate per 100,000 population",Units,Undefined,,1.205354895478005
2018/19,75 and over,,,,,"Rate per 100,000 population",Units,Undefined,,1.096598554358187
2018/19,,,England,,,,,,E92000001,1.1594010687712768
2018/19,,,England,North East,,,,,E12000001,1.3920717375952298
2018/19,,,England,North East,Cleveland,,,,E23000013,2.642156845476099
2018/19,,,England,North East,Durham,,,,E23000008,1.262733881991205
2018/19,,,England,North East,Northumbria,,,,E23000007,0.9611126938959046
2018/19,,,England,North West,,,,,E12000002,1.7278989722155216
2018/19,,,England,North West,Cheshire,,,,E23000006,1.793686412636615
2018/19,,,England,North West,Cumbria,,,,E23000002,0.8017831657606516
2018/19,,,England,North West,Greater Manchester,,,,E23000005,2.2399450466815214
2018/19,,,England,North West,Lancashire,,,,E23000003,1.2013615430821598
2018/19,,,England,North West,Merseyside,,,,E23000004,1.5459588985745556
2018/19,,,England,Yorkshire and the Humber,,,,,E12000003,1.2957114687801972
2018/19,,,England,Yorkshire and the Humber,Humberside,,,,E23000012,1.072863526395125
2018/19,,,England,Yorkshire and the Humber,North Yorkshire,,,,E23000009,0.3639019017513386
2018/19,,,England,Yorkshire and the Humber,South Yorkshire,,,,E23000011,1.56816007778074
2018/19,,,England,Yorkshire and the Humber,West Yorkshire,,,,E23000010,1.5515810179578264
2018/19,,,England,East Midlands,,,,,E12000004,0.915875007207312
2018/19,,,England,East Midlands,Derbyshire,,,,E23000018,0.5696296268166438
2018/19,,,England,East Midlands,Leicestershire,,,,E23000021,0.5488559554987591
2018/19,,,England,East Midlands,Lincolnshire,,,,E23000020,0.7938261494271883
2018/19,,,England,East Midlands,Northamptonshire,,,,E23000022,2.2738763706793006
2018/19,,,England,East Midlands,Nottinghamshire,,,,E23000019,0.779764251274698
2018/19,,,England,West Midlands,,,,,E12000005,1.2371294055999933
2018/19,,,England,West Midlands,Staffordshire,,,,E23000015,0.6188928537326313
2018/19,,,England,West Midlands,Warwickshire,,,,E23000017,0.3502565629323479
2018/19,,,England,West Midlands,West Mercia,,,,E23000016,1.091841835791667
2018/19,,,England,West Midlands,West Midlands,,,,E23000014,1.714408367958668
2018/19,,,England,East of England,,,,,E12000006,0.9514266077577712
2018/19,,,England,East of England,Bedfordshire,,,,E23000026,0.8964080927722614
2018/19,,,England,East of England,Cambridgeshire,,,,E23000023,1.1729888812383948
2018/19,,,England,East of England,Essex,,,,E23000028,0.8730040943892028
2018/19,,,England,East of England,Hertfordshire,,,,E23000027,1.0976345974425112
2018/19,,,England,East of England,Norfolk,,,,E23000024,0.7746104815864023
2018/19,,,England,East of England,Suffolk,,,,E23000025,0.9228059629084736
2018/19,,,England,London,,,,,E12000007,1.4144460518488775
2018/19,,,England,London,City of London,,,,E23000034,
2018/19,,,England,London,Metropolitan Police,,,,E23000001,1.4045930191726947
2018/19,,,England,South East,,,,,E12000008,0.7116561058725315
2018/19,,,England,South East,Hampshire,,,,E23000030,0.5035796962709419
2018/19,,,England,South East,Kent,,,,E23000032,1.0289859938759087
2018/19,,,England,South East,Surrey,,,,E23000031,0.4201913719584447
2018/19,,,England,South East,Sussex,,,,E23000033,0.9390569637823336
2018/19,,,England,South East,Thames Valley,,,,E23000029,0.6230288923418534
2018/19,,,England,South West,,,,,E12000009,0.7500354927509962
2018/19,,,England,South West,Avon and Somerset,,,,E23000036,0.5842920104494783
2018/19,,,England,South West,Devon and Cornwall,,,,E23000035,1.0780900330009031
2018/19,,,England,South West,Dorset,,,,E23000039,0.5179549068458099
2018/19,,,England,South West,Gloucestershire,,,,E23000037,1.2627099649913665
2018/19,,,England,South West,Wiltshire,,,,E23000038,0.1388773157792406
2018/19,,,Wales,,,,,,W92000004,0.700942544695442
2018/19,,,Wales,,Dyfed-Powys,,,,W15000004,0.9651354471086472
2018/19,,,Wales,,Gwent,,,,W15000002,0.3382806884012009
2018/19,,,Wales,,North Wales,,,,W15000001,0.7159538868420563
2018/19,,,Wales,,South Wales,,,,W15000003,0.751328913014895
