Year,Age,Number of previous live births,Country,Region,Health Board,Observation status,Unit multiplier,Unit measure,GeoCode,Value
2014,,,,,,Undefined,Units,Percentage (%),,97.4986396953
2014,19 and under,,,,,Undefined,Units,Percentage (%),,98.47672669777486
2014,20 to 24,,,,,Undefined,Units,Percentage (%),,98.03097621469227
2014,25 to 29,,,,,Undefined,Units,Percentage (%),,97.68137928206812
2014,30 to 34,,,,,Undefined,Units,Percentage (%),,97.27995339747444
2014,35 to 39,,,,,Undefined,Units,Percentage (%),,96.79612422975256
2014,40 to 44,,,,,Undefined,Units,Percentage (%),,97.60832544938503
2014,45 and over,,,,,Undefined,Units,Percentage (%),,98.8404196576477
2014,,0,,,,Undefined,Units,Percentage (%),,99.0841868579478
2014,19 and under,0,,,,Undefined,Units,Percentage (%),,98.99749373433583
2014,20 to 24,0,,,,Undefined,Units,Percentage (%),,99.21615705105572
2014,25 to 29,0,,,,Undefined,Units,Percentage (%),,99.16865990044606
2014,30 to 34,0,,,,Undefined,Units,Percentage (%),,98.94827275624591
2014,35 to 39,0,,,,Undefined,Units,Percentage (%),,98.9051594361571
2014,40 to 44,0,,,,Undefined,Units,Percentage (%),,99.43995021779712
2014,45 and over,0,,,,Undefined,Units,Percentage (%),,99.83050847457628
2014,,1,,,,Undefined,Units,Percentage (%),,97.03666053506308
2014,19 and under,1,,,,Undefined,Units,Percentage (%),,97.1576689309975
2014,20 to 24,1,,,,Undefined,Units,Percentage (%),,97.32533717958452
2014,25 to 29,1,,,,Undefined,Units,Percentage (%),,97.41405103509196
2014,30 to 34,1,,,,Undefined,Units,Percentage (%),,96.90704988749518
2014,35 to 39,1,,,,Undefined,Units,Percentage (%),,96.32229867956109
2014,40 to 44,1,,,,Undefined,Units,Percentage (%),,97.24400369003688
2014,45 and over,1,,,,Undefined,Units,Percentage (%),,98.7152034261242
2014,,2,,,,Undefined,Units,Percentage (%),,95.94583275164037
2014,19 and under,2,,,,Undefined,Units,Percentage (%),,94.30485762144056
2014,20 to 24,2,,,,Undefined,Units,Percentage (%),,95.70940598183788
2014,25 to 29,2,,,,Undefined,Units,Percentage (%),,95.98428775483704
2014,30 to 34,2,,,,Undefined,Units,Percentage (%),,95.97725299044738
2014,35 to 39,2,,,,Undefined,Units,Percentage (%),,95.77085905803492
2014,40 to 44,2,,,,Undefined,Units,Percentage (%),,96.82686954908148
2014,45 and over,2,,,,Undefined,Units,Percentage (%),,98.5663082437276
2014,,3,,,,Undefined,Units,Percentage (%),,95.34605013482472
2014,19 and under,3,,,,Undefined,Units,Percentage (%),,95.0
2014,20 to 24,3,,,,Undefined,Units,Percentage (%),,94.6260804208944
2014,25 to 29,3,,,,Undefined,Units,Percentage (%),,94.93612294019626
2014,30 to 34,3,,,,Undefined,Units,Percentage (%),,95.35816618911174
2014,35 to 39,3,,,,Undefined,Units,Percentage (%),,95.6019962570181
2014,40 to 44,3,,,,Undefined,Units,Percentage (%),,96.4855072463768
2014,45 and over,3,,,,Undefined,Units,Percentage (%),,98.42931937172776
2014,,4 and over,,,,Undefined,Units,Percentage (%),,95.51925135810302
2014,19 and under,4 and over,,,,Undefined,Units,Percentage (%),,100.0
2014,20 to 24,4 and over,,,,Undefined,Units,Percentage (%),,93.4931506849315
2014,25 to 29,4 and over,,,,Undefined,Units,Percentage (%),,94.4
2014,30 to 34,4 and over,,,,Undefined,Units,Percentage (%),,95.3068194337336
2014,35 to 39,4 and over,,,,Undefined,Units,Percentage (%),,95.9469992205768
2014,40 to 44,4 and over,,,,Undefined,Units,Percentage (%),,97.03603907039408
2014,45 and over,4 and over,,,,Undefined,Units,Percentage (%),,97.28682170542636
2014,,Not stated,,,,Undefined,Units,Percentage (%),,97.9502196193265
2014,19 and under,Not stated,,,,Undefined,Units,Percentage (%),,97.5206611570248
2014,20 to 24,Not stated,,,,Undefined,Units,Percentage (%),,98.51851851851852
2014,25 to 29,Not stated,,,,Undefined,Units,Percentage (%),,98.30007390983
2014,30 to 34,Not stated,,,,Undefined,Units,Percentage (%),,97.83180026281208
2014,35 to 39,Not stated,,,,Undefined,Units,Percentage (%),,96.8072976054732
2014,40 to 44,Not stated,,,,Undefined,Units,Percentage (%),,99.51690821256038
2014,45 and over,Not stated,,,,Undefined,Units,Percentage (%),,100.0
2015,,,,,,Undefined,Units,Percentage (%),,97.54056173894638
2015,19 and under,,,,,Undefined,Units,Percentage (%),,98.80459770114942
2015,20 to 24,,,,,Undefined,Units,Percentage (%),,98.15153852587754
2015,25 to 29,,,,,Undefined,Units,Percentage (%),,97.71952964662384
2015,30 to 34,,,,,Undefined,Units,Percentage (%),,97.22716060874018
2015,35 to 39,,,,,Undefined,Units,Percentage (%),,96.88670648982485
2015,40 to 44,,,,,Undefined,Units,Percentage (%),,97.95648560852158
2015,45 and over,,,,,Undefined,Units,Percentage (%),,98.89558232931726
2015,,0,,,,Undefined,Units,Percentage (%),,99.08068277212946
2015,19 and under,0,,,,Undefined,Units,Percentage (%),,99.1198591774684
2015,20 to 24,0,,,,Undefined,Units,Percentage (%),,99.25100962479318
2015,25 to 29,0,,,,Undefined,Units,Percentage (%),,99.19117006582631
2015,30 to 34,0,,,,Undefined,Units,Percentage (%),,98.88469365895456
2015,35 to 39,0,,,,Undefined,Units,Percentage (%),,98.8448471121178
2015,40 to 44,0,,,,Undefined,Units,Percentage (%),,99.4549135648653
2015,45 and over,0,,,,Undefined,Units,Percentage (%),,99.56647398843933
2015,,1,,,,Undefined,Units,Percentage (%),,97.0420093533301
2015,19 and under,1,,,,Undefined,Units,Percentage (%),,97.83701114266988
2015,20 to 24,1,,,,Undefined,Units,Percentage (%),,97.2572315431752
2015,25 to 29,1,,,,Undefined,Units,Percentage (%),,97.35357296290992
2015,30 to 34,1,,,,Undefined,Units,Percentage (%),,96.80387230268992
2015,35 to 39,1,,,,Undefined,Units,Percentage (%),,96.58274956217164
2015,40 to 44,1,,,,Undefined,Units,Percentage (%),,97.71164468492842
2015,45 and over,1,,,,Undefined,Units,Percentage (%),,98.84393063583816
2015,,2,,,,Undefined,Units,Percentage (%),,96.01082707905472
2015,19 and under,2,,,,Undefined,Units,Percentage (%),,95.90517241379312
2015,20 to 24,2,,,,Undefined,Units,Percentage (%),,96.24342599549212
2015,25 to 29,2,,,,Undefined,Units,Percentage (%),,95.96715207128132
2015,30 to 34,2,,,,Undefined,Units,Percentage (%),,95.93271049140536
2015,35 to 39,2,,,,Undefined,Units,Percentage (%),,95.69042458243018
2015,40 to 44,2,,,,Undefined,Units,Percentage (%),,97.60398696568907
2015,45 and over,2,,,,Undefined,Units,Percentage (%),,98.98648648648648
2015,,3,,,,Undefined,Units,Percentage (%),,95.61164165529786
2015,19 and under,3,,,,Undefined,Units,Percentage (%),,97.5
2015,20 to 24,3,,,,Undefined,Units,Percentage (%),,95.54908485856906
2015,25 to 29,3,,,,Undefined,Units,Percentage (%),,95.1559389515594
2015,30 to 34,3,,,,Undefined,Units,Percentage (%),,95.42402568968032
2015,35 to 39,3,,,,Undefined,Units,Percentage (%),,95.89841781719238
2015,40 to 44,3,,,,Undefined,Units,Percentage (%),,97.07052441229656
2015,45 and over,3,,,,Undefined,Units,Percentage (%),,98.4924623115578
2015,,4 and over,,,,Undefined,Units,Percentage (%),,95.46159659520306
2015,19 and under,4 and over,,,,Undefined,Units,Percentage (%),,83.33333333333334
2015,20 to 24,4 and over,,,,Undefined,Units,Percentage (%),,94.7080291970803
2015,25 to 29,4 and over,,,,Undefined,Units,Percentage (%),,94.78984238178634
2015,30 to 34,4 and over,,,,Undefined,Units,Percentage (%),,95.01020639600816
2015,35 to 39,4 and over,,,,Undefined,Units,Percentage (%),,95.74927039715772
2015,40 to 44,4 and over,,,,Undefined,Units,Percentage (%),,97.0423923759448
2015,45 and over,4 and over,,,,Undefined,Units,Percentage (%),,97.41697416974168
2015,,Not stated,,,,Undefined,Units,Percentage (%),,97.88007268322228
2015,19 and under,Not stated,,,,Undefined,Units,Percentage (%),,100.0
2015,20 to 24,Not stated,,,,Undefined,Units,Percentage (%),,98.3451536643026
2015,25 to 29,Not stated,,,,Undefined,Units,Percentage (%),,98.15384615384616
2015,30 to 34,Not stated,,,,Undefined,Units,Percentage (%),,97.8866474543708
2015,35 to 39,Not stated,,,,Undefined,Units,Percentage (%),,97.35973597359737
2015,40 to 44,Not stated,,,,Undefined,Units,Percentage (%),,95.54140127388536
2015,45 and over,Not stated,,,,Undefined,Units,Percentage (%),,100.0
2016,,,,,,Undefined,Units,Percentage (%),,97.66222746570348
2016,19 and under,,,,,Undefined,Units,Percentage (%),,98.70112479914302
2016,20 to 24,,,,,Undefined,Units,Percentage (%),,98.18885297286708
2016,25 to 29,,,,,Undefined,Units,Percentage (%),,97.85928944876704
2016,30 to 34,,,,,Undefined,Units,Percentage (%),,97.46759730012008
2016,35 to 39,,,,,Undefined,Units,Percentage (%),,96.98227543742792
2016,40 to 44,,,,,Undefined,Units,Percentage (%),,97.98378096867792
2016,45 and over,,,,,Undefined,Units,Percentage (%),,98.62494073020387
2016,,0,,,,Undefined,Units,Percentage (%),,99.12140347882978
2016,19 and under,0,,,,Undefined,Units,Percentage (%),,98.9531378459852
2016,20 to 24,0,,,,Undefined,Units,Percentage (%),,99.2654886097509
2016,25 to 29,0,,,,Undefined,Units,Percentage (%),,99.20663072266365
2016,30 to 34,0,,,,Undefined,Units,Percentage (%),,98.9949125201638
2016,35 to 39,0,,,,Undefined,Units,Percentage (%),,98.97738388119868
2016,40 to 44,0,,,,Undefined,Units,Percentage (%),,99.45488452158943
2016,45 and over,0,,,,Undefined,Units,Percentage (%),,99.73718791064388
2016,,1,,,,Undefined,Units,Percentage (%),,97.02707164080554
2016,19 and under,1,,,,Undefined,Units,Percentage (%),,97.6579520697168
2016,20 to 24,1,,,,Undefined,Units,Percentage (%),,97.30165363261897
2016,25 to 29,1,,,,Undefined,Units,Percentage (%),,97.33005366726296
2016,30 to 34,1,,,,Undefined,Units,Percentage (%),,96.89047778646707
2016,35 to 39,1,,,,Undefined,Units,Percentage (%),,96.4518419513825
2016,40 to 44,1,,,,Undefined,Units,Percentage (%),,97.64796819787986
2016,45 and over,1,,,,Undefined,Units,Percentage (%),,98.94179894179894
2016,,2,,,,Undefined,Units,Percentage (%),,96.17801628050071
2016,19 and under,2,,,,Undefined,Units,Percentage (%),,97.03264094955487
2016,20 to 24,2,,,,Undefined,Units,Percentage (%),,95.79479457947946
2016,25 to 29,2,,,,Undefined,Units,Percentage (%),,96.34371270478464
2016,30 to 34,2,,,,Undefined,Units,Percentage (%),,96.20476347010133
2016,35 to 39,2,,,,Undefined,Units,Percentage (%),,95.84417837931632
2016,40 to 44,2,,,,Undefined,Units,Percentage (%),,97.18421574459649
2016,45 and over,2,,,,Undefined,Units,Percentage (%),,97.61092150170649
2016,,3,,,,Undefined,Units,Percentage (%),,95.8913312194336
2016,19 and under,3,,,,Undefined,Units,Percentage (%),,89.65517241379311
2016,20 to 24,3,,,,Undefined,Units,Percentage (%),,94.24026330224903
2016,25 to 29,3,,,,Undefined,Units,Percentage (%),,95.37123330226778
2016,30 to 34,3,,,,Undefined,Units,Percentage (%),,95.99265830529214
2016,35 to 39,3,,,,Undefined,Units,Percentage (%),,96.1702994499898
2016,40 to 44,3,,,,Undefined,Units,Percentage (%),,97.45440729483282
2016,45 and over,3,,,,Undefined,Units,Percentage (%),,96.08938547486034
2016,,4 and over,,,,Undefined,Units,Percentage (%),,95.80780528745278
2016,19 and under,4 and over,,,,Undefined,Units,Percentage (%),,100.0
2016,20 to 24,4 and over,,,,Undefined,Units,Percentage (%),,95.13274336283186
2016,25 to 29,4 and over,,,,Undefined,Units,Percentage (%),,94.85546300832924
2016,30 to 34,4 and over,,,,Undefined,Units,Percentage (%),,95.56900726392251
2016,35 to 39,4 and over,,,,Undefined,Units,Percentage (%),,95.9525650940964
2016,40 to 44,4 and over,,,,Undefined,Units,Percentage (%),,97.3208305425318
2016,45 and over,4 and over,,,,Undefined,Units,Percentage (%),,97.55244755244756
2016,,Not stated,,,,Undefined,Units,Percentage (%),,97.83041841930483
2016,19 and under,Not stated,,,,Undefined,Units,Percentage (%),,99.1304347826087
2016,20 to 24,Not stated,,,,Undefined,Units,Percentage (%),,98.0030721966206
2016,25 to 29,Not stated,,,,Undefined,Units,Percentage (%),,97.65990639625583
2016,30 to 34,Not stated,,,,Undefined,Units,Percentage (%),,97.921146953405
2016,35 to 39,Not stated,,,,Undefined,Units,Percentage (%),,97.31621936989498
2016,40 to 44,Not stated,,,,Undefined,Units,Percentage (%),,98.96907216494846
2016,45 and over,Not stated,,,,Undefined,Units,Percentage (%),,100.0
2017,,,,,,Undefined,Units,Percentage (%),,97.70424050274583
2017,19 and under,,,,,Undefined,Units,Percentage (%),,98.72558185307288
2017,20 to 24,,,,,Undefined,Units,Percentage (%),,98.29737645408797
2017,25 to 29,,,,,Undefined,Units,Percentage (%),,97.88469096200625
2017,30 to 34,,,,,Undefined,Units,Percentage (%),,97.48127310195936
2017,35 to 39,,,,,Undefined,Units,Percentage (%),,97.10232123257045
2017,40 to 44,,,,,Undefined,Units,Percentage (%),,97.94033015296075
2017,45 and over,,,,,Undefined,Units,Percentage (%),,99.18367346938776
2017,,0,,,,Undefined,Units,Percentage (%),,99.15671973290156
2017,19 and under,0,,,,Undefined,Units,Percentage (%),,99.0578734858681
2017,20 to 24,0,,,,Undefined,Units,Percentage (%),,99.32095066906332
2017,25 to 29,0,,,,Undefined,Units,Percentage (%),,99.20736627272296
2017,30 to 34,0,,,,Undefined,Units,Percentage (%),,99.044578042757
2017,35 to 39,0,,,,Undefined,Units,Percentage (%),,99.01980511081088
2017,40 to 44,0,,,,Undefined,Units,Percentage (%),,99.39148073022312
2017,45 and over,0,,,,Undefined,Units,Percentage (%),,99.76218787158146
2017,,1,,,,Undefined,Units,Percentage (%),,96.96533509969768
2017,19 and under,1,,,,Undefined,Units,Percentage (%),,97.135955831608
2017,20 to 24,1,,,,Undefined,Units,Percentage (%),,97.37547892720306
2017,25 to 29,1,,,,Undefined,Units,Percentage (%),,97.20200675110712
2017,30 to 34,1,,,,Undefined,Units,Percentage (%),,96.76174918321186
2017,35 to 39,1,,,,Undefined,Units,Percentage (%),,96.58969357578808
2017,40 to 44,1,,,,Undefined,Units,Percentage (%),,97.44800449690838
2017,45 and over,1,,,,Undefined,Units,Percentage (%),,99.10394265232976
2017,,2,,,,Undefined,Units,Percentage (%),,96.2952853858509
2017,19 and under,2,,,,Undefined,Units,Percentage (%),,96.36363636363636
2017,20 to 24,2,,,,Undefined,Units,Percentage (%),,95.7806942229854
2017,25 to 29,2,,,,Undefined,Units,Percentage (%),,96.40784432727688
2017,30 to 34,2,,,,Undefined,Units,Percentage (%),,96.34859856026956
2017,35 to 39,2,,,,Undefined,Units,Percentage (%),,96.00177698800532
2017,40 to 44,2,,,,Undefined,Units,Percentage (%),,97.31946389277856
2017,45 and over,2,,,,Undefined,Units,Percentage (%),,99.35897435897436
2017,,3,,,,Undefined,Units,Percentage (%),,96.11453646614451
2017,19 and under,3,,,,Undefined,Units,Percentage (%),,86.66666666666667
2017,20 to 24,3,,,,Undefined,Units,Percentage (%),,95.2354260089686
2017,25 to 29,3,,,,Undefined,Units,Percentage (%),,95.87827864198933
2017,30 to 34,3,,,,Undefined,Units,Percentage (%),,96.04804339403331
2017,35 to 39,3,,,,Undefined,Units,Percentage (%),,96.11428571428571
2017,40 to 44,3,,,,Undefined,Units,Percentage (%),,97.70417764395935
2017,45 and over,3,,,,Undefined,Units,Percentage (%),,98.12206572769952
2017,,4 and over,,,,Undefined,Units,Percentage (%),,96.08503472953063
2017,19 and under,4 and over,,,,Undefined,Units,Percentage (%),,100.0
2017,20 to 24,4 and over,,,,Undefined,Units,Percentage (%),,95.84415584415584
2017,25 to 29,4 and over,,,,Undefined,Units,Percentage (%),,95.16546018614272
2017,30 to 34,4 and over,,,,Undefined,Units,Percentage (%),,95.9262851600388
2017,35 to 39,4 and over,,,,Undefined,Units,Percentage (%),,96.17810760667903
2017,40 to 44,4 and over,,,,Undefined,Units,Percentage (%),,97.3337950138504
2017,45 and over,4 and over,,,,Undefined,Units,Percentage (%),,98.18840579710144
2017,,Not stated,,,,Undefined,Units,Percentage (%),,96.70184696569922
2017,19 and under,Not stated,,,,Undefined,Units,Percentage (%),,92.6829268292683
2017,20 to 24,Not stated,,,,Undefined,Units,Percentage (%),,95.98393574297188
2017,25 to 29,Not stated,,,,Undefined,Units,Percentage (%),,97.2361809045226
2017,30 to 34,Not stated,,,,Undefined,Units,Percentage (%),,97.97752808988764
2017,35 to 39,Not stated,,,,Undefined,Units,Percentage (%),,95.43973941368078
2017,40 to 44,Not stated,,,,Undefined,Units,Percentage (%),,95.77464788732394
2017,45 and over,Not stated,,,,Undefined,Units,Percentage (%),,100.0
2018,,,,,,Undefined,Units,Percentage (%),,97.69420464761154
2018,19 and under,,,,,Undefined,Units,Percentage (%),,98.63295682465956
2018,20 to 24,,,,,Undefined,Units,Percentage (%),,98.37442337828593
2018,25 to 29,,,,,Undefined,Units,Percentage (%),,97.97065059703158
2018,30 to 34,,,,,Undefined,Units,Percentage (%),,97.43661743918749
2018,35 to 39,,,,,Undefined,Units,Percentage (%),,96.97874840857898
2018,40 to 44,,,,,Undefined,Units,Percentage (%),,98.04064978058356
2018,45 and over,,,,,Undefined,Units,Percentage (%),,99.40747493163173
2018,,0,,,,Undefined,Units,Percentage (%),,99.08029032761706
2018,19 and under,0,,,,Undefined,Units,Percentage (%),,99.00823353293411
2018,20 to 24,0,,,,Undefined,Units,Percentage (%),,99.31370504483668
2018,25 to 29,0,,,,Undefined,Units,Percentage (%),,99.1459040581553
2018,30 to 34,0,,,,Undefined,Units,Percentage (%),,98.91845684977328
2018,35 to 39,0,,,,Undefined,Units,Percentage (%),,98.89933040204616
2018,40 to 44,0,,,,Undefined,Units,Percentage (%),,99.3758165190884
2018,45 and over,0,,,,Undefined,Units,Percentage (%),,99.88425925925924
2018,,1,,,,Undefined,Units,Percentage (%),,96.84636533597272
2018,19 and under,1,,,,Undefined,Units,Percentage (%),,96.68065623807706
2018,20 to 24,1,,,,Undefined,Units,Percentage (%),,97.30304933361244
2018,25 to 29,1,,,,Undefined,Units,Percentage (%),,97.28301386656948
2018,30 to 34,1,,,,Undefined,Units,Percentage (%),,96.61215697770751
2018,35 to 39,1,,,,Undefined,Units,Percentage (%),,96.26213085672543
2018,40 to 44,1,,,,Undefined,Units,Percentage (%),,97.52577319587628
2018,45 and over,1,,,,Undefined,Units,Percentage (%),,99.30795847750863
2018,,2,,,,Undefined,Units,Percentage (%),,96.51074049965209
2018,19 and under,2,,,,Undefined,Units,Percentage (%),,96.17021276595744
2018,20 to 24,2,,,,Undefined,Units,Percentage (%),,96.44098429028222
2018,25 to 29,2,,,,Undefined,Units,Percentage (%),,96.53203817314248
2018,30 to 34,2,,,,Undefined,Units,Percentage (%),,96.6069560669456
2018,35 to 39,2,,,,Undefined,Units,Percentage (%),,96.06070101616008
2018,40 to 44,2,,,,Undefined,Units,Percentage (%),,97.78894472361809
2018,45 and over,2,,,,Undefined,Units,Percentage (%),,99.32203389830508
2018,,3,,,,Undefined,Units,Percentage (%),,96.33130834197658
2018,19 and under,3,,,,Undefined,Units,Percentage (%),,76.92307692307693
2018,20 to 24,3,,,,Undefined,Units,Percentage (%),,95.42662116040955
2018,25 to 29,3,,,,Undefined,Units,Percentage (%),,96.0381143430291
2018,30 to 34,3,,,,Undefined,Units,Percentage (%),,96.4208960158704
2018,35 to 39,3,,,,Undefined,Units,Percentage (%),,96.27434377646064
2018,40 to 44,3,,,,Undefined,Units,Percentage (%),,97.4609375
2018,45 and over,3,,,,Undefined,Units,Percentage (%),,98.91891891891892
2018,,4 and over,,,,Undefined,Units,Percentage (%),,95.99185984781454
2018,19 and under,4 and over,,,,Undefined,Units,Percentage (%),,100.0
2018,20 to 24,4 and over,,,,Undefined,Units,Percentage (%),,95.97701149425288
2018,25 to 29,4 and over,,,,Undefined,Units,Percentage (%),,95.87292967689385
2018,30 to 34,4 and over,,,,Undefined,Units,Percentage (%),,95.21181001283698
2018,35 to 39,4 and over,,,,Undefined,Units,Percentage (%),,96.2466142138527
2018,40 to 44,4 and over,,,,Undefined,Units,Percentage (%),,97.39035882566148
2018,45 and over,4 and over,,,,Undefined,Units,Percentage (%),,98.51301115241635
2018,,Not stated,,,,Undefined,Units,Percentage (%),,98.3275261324042
2018,19 and under,Not stated,,,,Undefined,Units,Percentage (%),,97.67441860465117
2018,20 to 24,Not stated,,,,Undefined,Units,Percentage (%),,99.49748743718592
2018,25 to 29,Not stated,,,,Undefined,Units,Percentage (%),,99.17808219178085
2018,30 to 34,Not stated,,,,Undefined,Units,Percentage (%),,97.59825327510916
2018,35 to 39,Not stated,,,,Undefined,Units,Percentage (%),,98.21428571428572
2018,40 to 44,Not stated,,,,Undefined,Units,Percentage (%),,95.3846153846154
2018,45 and over,Not stated,,,,Undefined,Units,Percentage (%),,100.0
2014,,,England,,,Undefined,Units,Percentage (%),E92000001,97.54
2014,,,England,North East,,Undefined,Units,Percentage (%),E12000001,98.72
2014,,,England,North West,,Undefined,Units,Percentage (%),E12000002,97.58
2014,,,England,Yorkshire and the Humber,,Undefined,Units,Percentage (%),E12000003,97.5
2014,,,England,East Midlands,,Undefined,Units,Percentage (%),E12000004,97.2
2014,,,England,West Midlands,,Undefined,Units,Percentage (%),E12000005,98.25
2014,,,England,East of England,,Undefined,Units,Percentage (%),E12000006,97.29
2014,,,England,London,,Undefined,Units,Percentage (%),E12000007,98.09
2014,,,England,South East,,Undefined,Units,Percentage (%),E12000008,96.92
2014,,,England,South West,,Undefined,Units,Percentage (%),E12000009,96.61
2014,,,Wales,,,Undefined,Units,Percentage (%),W92000004,96.64
2014,,,Wales,,Betsi Cadwaladr University,Undefined,Units,Percentage (%),W11000023,97.53
2014,,,Wales,,Powys Teaching,Undefined,Units,Percentage (%),W11000024,91.84
2014,,,Wales,,Hywel Dda University,Undefined,Units,Percentage (%),W11000025,95.05
2014,,,Wales,,Abertawe Bro Morgannwg University,Undefined,Units,Percentage (%),W11000026,95.79
2014,,,Wales,,Cwm Taf University,Undefined,Units,Percentage (%),W11000027,97.87
2014,,,Wales,,Aneurin Bevan University,Undefined,Units,Percentage (%),W11000028,97.1
2014,,,Wales,,Cardiff and Vale University,Undefined,Units,Percentage (%),W11000029,97.0
2014,,,Outside England and Wales,,,Undefined,Units,Percentage (%),J99000001,99.52
2015,,,England,,,Undefined,Units,Percentage (%),E92000001,97.57
2015,,,England,North East,,Undefined,Units,Percentage (%),E12000001,98.67
2015,,,England,North West,,Undefined,Units,Percentage (%),E12000002,97.69
2015,,,England,Yorkshire and the Humber,,Undefined,Units,Percentage (%),E12000003,97.61
2015,,,England,East Midlands,,Undefined,Units,Percentage (%),E12000004,97.33
2015,,,England,West Midlands,,Undefined,Units,Percentage (%),E12000005,98.32
2015,,,England,East of England,,Undefined,Units,Percentage (%),E12000006,97.2
2015,,,England,London,,Undefined,Units,Percentage (%),E12000007,98.05
2015,,,England,South East,,Undefined,Units,Percentage (%),E12000008,96.67
2015,,,England,South West,,Undefined,Units,Percentage (%),E12000009,96.6
2015,,,Wales,,,Undefined,Units,Percentage (%),W92000004,96.91
2015,,,Wales,,Betsi Cadwaladr University,Undefined,Units,Percentage (%),W11000023,97.6
2015,,,Wales,,Powys Teaching,Undefined,Units,Percentage (%),W11000024,89.78
2015,,,Wales,,Hywel Dda University,Undefined,Units,Percentage (%),W11000025,95.48
2015,,,Wales,,Abertawe Bro Morgannwg University,Undefined,Units,Percentage (%),W11000026,96.05
2015,,,Wales,,Cwm Taf University,Undefined,Units,Percentage (%),W11000027,98.11
2015,,,Wales,,Aneurin Bevan University,Undefined,Units,Percentage (%),W11000028,97.99
2015,,,Wales,,Cardiff and Vale University,Undefined,Units,Percentage (%),W11000029,97.21
2015,,,Outside England and Wales,,,Undefined,Units,Percentage (%),J99000001,98.49
2016,,,England,,,Undefined,Units,Percentage (%),E92000001,97.69
2016,,,England,North East,,Undefined,Units,Percentage (%),E12000001,98.74
2016,,,England,North West,,Undefined,Units,Percentage (%),E12000002,97.87
2016,,,England,Yorkshire and the Humber,,Undefined,Units,Percentage (%),E12000003,97.87
2016,,,England,East Midlands,,Undefined,Units,Percentage (%),E12000004,97.38
2016,,,England,West Midlands,,Undefined,Units,Percentage (%),E12000005,98.33
2016,,,England,East of England,,Undefined,Units,Percentage (%),E12000006,97.41
2016,,,England,London,,Undefined,Units,Percentage (%),E12000007,98.06
2016,,,England,South East,,Undefined,Units,Percentage (%),E12000008,97.09
2016,,,England,South West,,Undefined,Units,Percentage (%),E12000009,96.82
2016,,,Wales,,,Undefined,Units,Percentage (%),W92000004,97.02
2016,,,Wales,,Betsi Cadwaladr University,Undefined,Units,Percentage (%),W11000023,97.71
2016,,,Wales,,Powys Teaching,Undefined,Units,Percentage (%),W11000024,91.87
2016,,,Wales,,Hywel Dda University,Undefined,Units,Percentage (%),W11000025,95.24
2016,,,Wales,,Abertawe Bro Morgannwg University,Undefined,Units,Percentage (%),W11000026,96.5
2016,,,Wales,,Cwm Taf University,Undefined,Units,Percentage (%),W11000027,98.33
2016,,,Wales,,Aneurin Bevan University,Undefined,Units,Percentage (%),W11000028,97.84
2016,,,Wales,,Cardiff and Vale University,Undefined,Units,Percentage (%),W11000029,97.13
2016,,,Outside England and Wales,,,Undefined,Units,Percentage (%),J99000001,99.1
