Year,Status classification,Water body category,Country,Unit measure,Unit multiplier,Observation status,GeoCode,Value
2015,,,,Percentage (%),Units,Undefined,,35.1960689855
2016,,,,Percentage (%),Units,Undefined,,34.871463913090246
2017,,,,Percentage (%),Units,Undefined,,35.11507851150785
2018,,,,Percentage (%),Units,Undefined,,35.41935483870968
2015,High,,,Percentage (%),Units,Undefined,,4.3164081318046055
2016,High,,,Percentage (%),Units,Undefined,,4.969344949983865
2017,High,,,Percentage (%),Units,Undefined,,4.872015487201549
2018,High,,,Percentage (%),Units,Undefined,,4.774193548387097
2015,Good,,,Percentage (%),Units,Undefined,,30.879660853646783
2016,Good,,,Percentage (%),Units,Undefined,,29.90211896310638
2017,Good,,,Percentage (%),Units,Undefined,,30.243063024306306
2018,Good,,,Percentage (%),Units,Undefined,,30.64516129032258
2015,,Rivers and canals,,Percentage (%),Units,Undefined,,31.471485566768365
2016,,Rivers and canals,,Percentage (%),Units,Undefined,,31.603584325264144
2017,,Rivers and canals,,Percentage (%),Units,Undefined,,31.48816686722824
2018,,Rivers and canals,,Percentage (%),Units,Undefined,,31.920866194359043
2015,High,Rivers and canals,,Percentage (%),Units,Undefined,,2.0769772353907534
2016,High,Rivers and canals,,Percentage (%),Units,Undefined,,2.407382640096295
2017,High,Rivers and canals,,Percentage (%),Units,Undefined,,2.4735927263003075
2018,High,Rivers and canals,,Percentage (%),Units,Undefined,,2.3927282448870475
2015,Good,Rivers and canals,,Percentage (%),Units,Undefined,,29.39450833137761
2016,Good,Rivers and canals,,Percentage (%),Units,Undefined,,29.19620168516785
2017,Good,Rivers and canals,,Percentage (%),Units,Undefined,,29.01457414092793
2018,Good,Rivers and canals,,Percentage (%),Units,Undefined,,29.528137949471997
2015,,Lakes,,Percentage (%),Units,Undefined,,37.57961783439491
2016,,Lakes,,Percentage (%),Units,Undefined,,31.086142322097377
2017,,Lakes,,Percentage (%),Units,Undefined,,31.367041198501877
2018,,Lakes,,Percentage (%),Units,Undefined,,31.55430711610487
2015,High,Lakes,,Percentage (%),Units,Undefined,,9.463148316651502
2016,High,Lakes,,Percentage (%),Units,Undefined,,9.925093632958802
2017,High,Lakes,,Percentage (%),Units,Undefined,,10.112359550561797
2018,High,Lakes,,Percentage (%),Units,Undefined,,10.0187265917603
2015,Good,Lakes,,Percentage (%),Units,Undefined,,28.116469517743404
2016,Good,Lakes,,Percentage (%),Units,Undefined,,21.16104868913857
2017,Good,Lakes,,Percentage (%),Units,Undefined,,21.254681647940075
2018,Good,Lakes,,Percentage (%),Units,Undefined,,21.53558052434457
2015,,Estuaries and Coastal,,Percentage (%),Units,Undefined,,73.61477572559367
2016,,Estuaries and Coastal,,Percentage (%),Units,Undefined,,72.73936170212767
2017,,Estuaries and Coastal,,Percentage (%),Units,Undefined,,76.56458055925432
2018,,Estuaries and Coastal,,Percentage (%),Units,Undefined,,75.76564580559256
2015,High,Estuaries and Coastal,,Percentage (%),Units,Undefined,,22.03166226912929
2016,High,Estuaries and Coastal,,Percentage (%),Units,Undefined,,23.404255319148938
2017,High,Estuaries and Coastal,,Percentage (%),Units,Undefined,,21.30492676431425
2018,High,Estuaries and Coastal,,Percentage (%),Units,Undefined,,21.03861517976032
2015,Good,Estuaries and Coastal,,Percentage (%),Units,Undefined,,51.58311345646438
2016,Good,Estuaries and Coastal,,Percentage (%),Units,Undefined,,49.33510638297872
2017,Good,Estuaries and Coastal,,Percentage (%),Units,Undefined,,55.25965379494008
2018,Good,Estuaries and Coastal,,Percentage (%),Units,Undefined,,54.72703062583223
2018,,,England,Percentage (%),Units,Undefined,E92000001,16.0
2018,High,,England,Percentage (%),Units,Undefined,E92000001,0.0
2018,Good,,England,Percentage (%),Units,Undefined,E92000001,16.0
2018,,Rivers and canals,England,Percentage (%),Units,Undefined,E92000001,15.0
2018,High,Rivers and canals,England,Percentage (%),Units,Undefined,E92000001,0.0
2018,Good,Rivers and canals,England,Percentage (%),Units,Undefined,E92000001,15.0
2018,,Lakes,England,Percentage (%),Units,Undefined,E92000001,16.0
2018,High,Lakes,England,Percentage (%),Units,Undefined,E92000001,0.0
2018,Good,Lakes,England,Percentage (%),Units,Undefined,E92000001,16.0
2018,,Estuaries and Coastal,England,Percentage (%),Units,Undefined,E92000001,29.0
2018,High,Estuaries and Coastal,England,Percentage (%),Units,Undefined,E92000001,1.0
2018,Good,Estuaries and Coastal,England,Percentage (%),Units,Undefined,E92000001,28.0
2018,,,Scotland,Percentage (%),Units,Undefined,S92000003,62.0
2018,High,,Scotland,Percentage (%),Units,Undefined,S92000003,13.0
2018,Good,,Scotland,Percentage (%),Units,Undefined,S92000003,49.0
2018,,Rivers and canals,Scotland,Percentage (%),Units,Undefined,S92000003,55.0
2018,High,Rivers and canals,Scotland,Percentage (%),Units,Undefined,S92000003,7.0
2018,Good,Rivers and canals,Scotland,Percentage (%),Units,Undefined,S92000003,48.0
2018,,Lakes,Scotland,Percentage (%),Units,Undefined,S92000003,62.0
2018,High,Lakes,Scotland,Percentage (%),Units,Undefined,S92000003,31.0
2018,Good,Lakes,Scotland,Percentage (%),Units,Undefined,S92000003,31.0
2018,,Estuaries and Coastal,Scotland,Percentage (%),Units,Undefined,S92000003,99.0
2018,High,Estuaries and Coastal,Scotland,Percentage (%),Units,Undefined,S92000003,31.0
2018,Good,Estuaries and Coastal,Scotland,Percentage (%),Units,Undefined,S92000003,68.0
2018,,,Wales,Percentage (%),Units,Undefined,W92000004,40.0
2018,High,,Wales,Percentage (%),Units,Undefined,W92000004,0.0
2018,Good,,Wales,Percentage (%),Units,Undefined,W92000004,40.0
2018,,Rivers and canals,Wales,Percentage (%),Units,Undefined,W92000004,44.0
2018,High,Rivers and canals,Wales,Percentage (%),Units,Undefined,W92000004,0.0
2018,Good,Rivers and canals,Wales,Percentage (%),Units,Undefined,W92000004,44.0
2018,,Lakes,Wales,Percentage (%),Units,Undefined,W92000004,20.0
2018,High,Lakes,Wales,Percentage (%),Units,Undefined,W92000004,1.0
2018,Good,Lakes,Wales,Percentage (%),Units,Undefined,W92000004,19.0
2018,,Estuaries and Coastal,Wales,Percentage (%),Units,Undefined,W92000004,24.0
2018,High,Estuaries and Coastal,Wales,Percentage (%),Units,Undefined,W92000004,2.0
2018,Good,Estuaries and Coastal,Wales,Percentage (%),Units,Undefined,W92000004,22.0
2018,,,Northern Ireland,Percentage (%),Units,Undefined,N92000002,31.0
2018,High,,Northern Ireland,Percentage (%),Units,Undefined,N92000002,0.0
2018,Good,,Northern Ireland,Percentage (%),Units,Undefined,N92000002,31.0
2018,,Rivers and canals,Northern Ireland,Percentage (%),Units,Undefined,N92000002,31.0
2018,High,Rivers and canals,Northern Ireland,Percentage (%),Units,Undefined,N92000002,0.0
2018,Good,Rivers and canals,Northern Ireland,Percentage (%),Units,Undefined,N92000002,31.0
2018,,Lakes,Northern Ireland,Percentage (%),Units,Undefined,N92000002,24.0
2018,High,Lakes,Northern Ireland,Percentage (%),Units,Undefined,N92000002,0.0
2018,Good,Lakes,Northern Ireland,Percentage (%),Units,Undefined,N92000002,24.0
2018,,Estuaries and Coastal,Northern Ireland,Percentage (%),Units,Undefined,N92000002,40.0
2018,High,Estuaries and Coastal,Northern Ireland,Percentage (%),Units,Undefined,N92000002,0.0
2018,Good,Estuaries and Coastal,Northern Ireland,Percentage (%),Units,Undefined,N92000002,40.0
